<?xml version="1.0" encoding="utf-8"?>
<selector xmlns:android="http://schemas.android.com/apk/res/android">
    <item android:state_selected="true">
        <layer-list>
            <item>
                <color android:color="$Strip_Color" />
            </item>
            <item android:bottom="${Strip_Height_Selected}dp" android:drawable="@android:color/white" />
        </layer-list>
    </item>
    <item>
        <layer-list>
            <item>
                <color android:color="$Strip_Color" />
            </item>
            <item android:bottom="${Strip_Height_Normal}dp" android:drawable="@android:color/white" />
        </layer-list>
    </item>
</selector>