<resources>

    <style name="BaseTheme" parent="Theme.AppCompat.Light.DarkActionBar">
        <item name="colorPrimary">@color/colorPrimary</item>
        <item name="colorPrimaryDark">@color/colorPrimaryDark</item>
        <item name="colorAccent">@color/colorAccent</item>
        <item name="android:textColorPrimary">@android:color/white</item>
        <item name="android:windowBackground">@color/background</item>
    </style>

    <style name="BaseTheme.AppTheme">
    </style>

    <style name="Selectable">
        <item name="android:background">?attr/selectableItemBackground</item>
    </style>

    <style name="Button" parent="Selectable">
        <item name="android:textAllCaps">false</item>
        <item name="fontPath">fonts/NotoSansCJKtc-Regular.otf</item>
    </style>

    <style name="Button.Bold">
        <item name="fontPath">fonts/NotoSansCJKtc-Bold.otf</item>
        <item name="android:textStyle">bold</item>
    </style>

    <style name="TextView">
        <item name="fontPath">fonts/NotoSansCJKtc-Regular.otf</item>
    </style>

    <style name="TextView.Bold">
        <item name="fontPath">fonts/NotoSansCJKtc-Bold.otf</item>
        <item name="android:textStyle">bold</item>
    </style>

</resources>
